﻿<?xml version="1.0" encoding="utf-8"?>
<Selection>
  <FullTileList>
    <string>N44E000</string>
    <string>N44E045</string>
    <string>N44E090</string>
    <string>N44E135</string>
    <string>N44W045</string>
    <string>N44W090</string>
    <string>N44W135</string>
    <string>N44W180</string>
    <string>N89E000</string>
    <string>N89E045</string>
    <string>N89E090</string>
    <string>N89E135</string>
    <string>N89W045</string>
    <string>N89W090</string>
    <string>N89W135</string>
    <string>N89W180</string>
    <string>S01E000</string>
    <string>S01E045</string>
    <string>S01E090</string>
    <string>S01E135</string>
    <string>S01W045</string>
    <string>S01W090</string>
    <string>S01W135</string>
    <string>S01W180</string>
    <string>S46E000</string>
    <string>S46E045</string>
    <string>S46E090</string>
    <string>S46E135</string>
    <string>S46W045</string>
    <string>S46W090</string>
    <string>S46W135</string>
    <string>S46W180</string>
  </FullTileList>
  <TilesList>
    <string>0x6144</string>
    <string>0x-6656</string>
    <string>10240x6144</string>
    <string>-10240x6144</string>
    <string>10240x-6656</string>
    <string>-10240x-6656</string>
    <string>1024x6144</string>
    <string>-1024x6144</string>
    <string>1024x-6656</string>
    <string>-1024x-6656</string>
    <string>10752x6144</string>
    <string>-10752x6144</string>
    <string>10752x-6656</string>
    <string>-10752x-6656</string>
    <string>11264x6144</string>
    <string>-11264x6144</string>
    <string>11264x-6656</string>
    <string>-11264x-6656</string>
    <string>11776x6144</string>
    <string>-11776x6144</string>
    <string>11776x-6656</string>
    <string>-11776x-6656</string>
    <string>12288x0</string>
    <string>12288x1024</string>
    <string>12288x-1024</string>
    <string>12288x1536</string>
    <string>12288x-1536</string>
    <string>12288x2048</string>
    <string>12288x-2048</string>
    <string>12288x2560</string>
    <string>12288x-2560</string>
    <string>12288x3072</string>
    <string>12288x-3072</string>
    <string>12288x3584</string>
    <string>12288x-3584</string>
    <string>12288x4096</string>
    <string>12288x-4096</string>
    <string>12288x4608</string>
    <string>12288x-4608</string>
    <string>12288x512</string>
    <string>12288x-512</string>
    <string>12288x5120</string>
    <string>12288x-5120</string>
    <string>12288x5632</string>
    <string>12288x-5632</string>
    <string>12288x6144</string>
    <string>12288x-6144</string>
    <string>-12288x6144</string>
    <string>12288x-6656</string>
    <string>-12288x-6656</string>
    <string>-12800x0</string>
    <string>-12800x1024</string>
    <string>-12800x-1024</string>
    <string>-12800x1536</string>
    <string>-12800x-1536</string>
    <string>-12800x2048</string>
    <string>-12800x-2048</string>
    <string>-12800x2560</string>
    <string>-12800x-2560</string>
    <string>-12800x3072</string>
    <string>-12800x-3072</string>
    <string>-12800x3584</string>
    <string>-12800x-3584</string>
    <string>-12800x4096</string>
    <string>-12800x-4096</string>
    <string>-12800x4608</string>
    <string>-12800x-4608</string>
    <string>-12800x512</string>
    <string>-12800x-512</string>
    <string>-12800x5120</string>
    <string>-12800x-5120</string>
    <string>-12800x5632</string>
    <string>-12800x-5632</string>
    <string>-12800x6144</string>
    <string>-12800x-6144</string>
    <string>-12800x-6656</string>
    <string>1536x6144</string>
    <string>-1536x6144</string>
    <string>1536x-6656</string>
    <string>-1536x-6656</string>
    <string>2048x6144</string>
    <string>-2048x6144</string>
    <string>2048x-6656</string>
    <string>-2048x-6656</string>
    <string>2560x6144</string>
    <string>-2560x6144</string>
    <string>2560x-6656</string>
    <string>-2560x-6656</string>
    <string>3072x6144</string>
    <string>-3072x6144</string>
    <string>3072x-6656</string>
    <string>-3072x-6656</string>
    <string>3584x6144</string>
    <string>-3584x6144</string>
    <string>3584x-6656</string>
    <string>-3584x-6656</string>
    <string>4096x6144</string>
    <string>-4096x6144</string>
    <string>4096x-6656</string>
    <string>-4096x-6656</string>
    <string>4608x6144</string>
    <string>-4608x6144</string>
    <string>4608x-6656</string>
    <string>-4608x-6656</string>
    <string>5120x6144</string>
    <string>-5120x6144</string>
    <string>5120x-6656</string>
    <string>-5120x-6656</string>
    <string>512x6144</string>
    <string>-512x6144</string>
    <string>512x-6656</string>
    <string>-512x-6656</string>
    <string>5632x6144</string>
    <string>-5632x6144</string>
    <string>5632x-6656</string>
    <string>-5632x-6656</string>
    <string>6144x6144</string>
    <string>-6144x6144</string>
    <string>6144x-6656</string>
    <string>-6144x-6656</string>
    <string>6656x6144</string>
    <string>-6656x6144</string>
    <string>6656x-6656</string>
    <string>-6656x-6656</string>
    <string>7168x6144</string>
    <string>-7168x6144</string>
    <string>7168x-6656</string>
    <string>-7168x-6656</string>
    <string>7680x6144</string>
    <string>-7680x6144</string>
    <string>7680x-6656</string>
    <string>-7680x-6656</string>
    <string>8192x6144</string>
    <string>-8192x6144</string>
    <string>8192x-6656</string>
    <string>-8192x-6656</string>
    <string>8704x6144</string>
    <string>-8704x6144</string>
    <string>8704x-6656</string>
    <string>-8704x-6656</string>
    <string>9216x6144</string>
    <string>-9216x6144</string>
    <string>9216x-6656</string>
    <string>-9216x-6656</string>
    <string>9728x6144</string>
    <string>-9728x6144</string>
    <string>9728x-6656</string>
    <string>-9728x-6656</string>
    <string>N44E000</string>
    <string>N44E045</string>
    <string>N44E090</string>
    <string>N44E135</string>
    <string>N44W045</string>
    <string>N44W090</string>
    <string>N44W135</string>
    <string>N44W180</string>
    <string>N89E000</string>
    <string>N89E045</string>
    <string>N89E090</string>
    <string>N89E135</string>
    <string>N89W045</string>
    <string>N89W090</string>
    <string>N89W135</string>
    <string>N89W180</string>
    <string>S01E000</string>
    <string>S01E045</string>
    <string>S01E090</string>
    <string>S01E135</string>
    <string>S01W045</string>
    <string>S01W090</string>
    <string>S01W135</string>
    <string>S01W180</string>
    <string>S46E000</string>
    <string>S46E045</string>
    <string>S46E090</string>
    <string>S46E135</string>
    <string>S46W045</string>
    <string>S46W090</string>
    <string>S46W135</string>
    <string>S46W180</string>
  </TilesList>
  <SpawnTile>N44E045</SpawnTile>
  <VoidBarrier>512</VoidBarrier>
  <VoidTiles>148</VoidTiles>
</Selection>