{"stats":{"minecraft:custom":{"minecraft:time_since_rest":71469,"minecraft:crouch_one_cm":2776,"minecraft:play_time":71469,"minecraft:sprint_one_cm":17635,"minecraft:damage_taken":80,"minecraft:walk_one_cm":24652,"minecraft:sneak_time":1078,"minecraft:walk_under_water_one_cm":6827,"minecraft:drop":26,"minecraft:jump":622,"minecraft:damage_dealt":35,"minecraft:leave_game":7,"minecraft:time_since_death":71469,"minecraft:walk_on_water_one_cm":17545,"minecraft:total_world_time":71469,"minecraft:fall_one_cm":1543,"minecraft:fly_one_cm":1579791},"minecraft:mined":{"minecraft:tnt":3},"minecraft:dropped":{"minecraft:cobblestone":5,"minecraft:dirt":1,"minecraft:stone":2,"minecraft:moss_block":1,"minecraft:podzol":2,"minecraft:oak_log":2,"minecraft:coarse_dirt":2,"alexsmobs:animal_dictionary":1,"minecraft:tnt":1,"minecraft:oak_leaves":1,"minecraft:wooden_axe":2,"minecraft:grass_block":4,"minecraft:seagrass":2},"minecraft:used":{"minecraft:dirt":1,"minecraft:cobblestone":2,"minecraft:grass_block":1,"minecraft:stone":3,"minecraft:coarse_dirt":1,"bellsandwhistles:andesite_pilot":5},"minecraft:picked_up":{"minecraft:wooden_axe":1,"minecraft:podzol":1,"minecraft:coarse_dirt":1,"minecraft:tnt":1,"minecraft:oak_log":1,"minecraft:cobblestone":1}},"DataVersion":3465}