{"stats":{"minecraft:dropped":{"minecraft:grass":2,"create:railway_casing":1,"create:track":1,"alexsmobs:animal_dictionary":1,"minecraft:oak_leaves":9,"minecraft:grass_block":1},"minecraft:picked_up":{"minecraft:grass":1},"minecraft:used":{"create:railway_casing":26,"create:track":29,"create:controls":3,"create:track_station":2,"create:wrench":1,"minecraft:grass_block":6,"minecraft:grass":1},"minecraft:custom":{"minecraft:time_since_rest":17534,"minecraft:crouch_one_cm":103,"minecraft:sprint_one_cm":2915,"minecraft:play_time":17534,"minecraft:walk_one_cm":29210,"minecraft:sneak_time":257,"minecraft:drop":15,"minecraft:jump":74,"minecraft:damage_dealt":155,"minecraft:leave_game":2,"minecraft:time_since_death":17534,"minecraft:total_world_time":17534,"minecraft:fly_one_cm":126066}},"DataVersion":3465}