{"stats":{"minecraft:used":{"create:railway_casing":26,"create:track":29,"create:controls":3,"create:track_station":2,"create:wrench":1,"minecraft:grass_block":6,"minecraft:grass":1},"minecraft:picked_up":{"minecraft:grass":1},"minecraft:dropped":{"minecraft:grass":2,"create:railway_casing":1,"create:track":1,"alexsmobs:animal_dictionary":1,"minecraft:oak_leaves":8,"minecraft:grass_block":1},"minecraft:custom":{"minecraft:time_since_rest":13690,"minecraft:crouch_one_cm":103,"minecraft:play_time":13690,"minecraft:sprint_one_cm":2915,"minecraft:walk_one_cm":26783,"minecraft:sneak_time":201,"minecraft:drop":14,"minecraft:jump":72,"minecraft:leave_game":1,"minecraft:time_since_death":13690,"minecraft:total_world_time":13690,"minecraft:fly_one_cm":101219}},"DataVersion":3465}