{"stats":{"minecraft:custom":{"minecraft:time_since_rest":41469,"minecraft:crouch_one_cm":1462,"minecraft:play_time":41469,"minecraft:sprint_one_cm":4677,"minecraft:damage_taken":80,"minecraft:walk_one_cm":5153,"minecraft:sneak_time":667,"minecraft:walk_under_water_one_cm":6679,"minecraft:drop":17,"minecraft:jump":92,"minecraft:damage_dealt":35,"minecraft:leave_game":7,"minecraft:time_since_death":41469,"minecraft:walk_on_water_one_cm":6449,"minecraft:total_world_time":41469,"minecraft:fall_one_cm":1543,"minecraft:fly_one_cm":1396487},"minecraft:mined":{"minecraft:tnt":3},"minecraft:dropped":{"minecraft:dirt":1,"minecraft:stone":2,"minecraft:moss_block":1,"minecraft:oak_log":2,"alexsmobs:animal_dictionary":1,"minecraft:tnt":1,"minecraft:oak_leaves":1,"minecraft:wooden_axe":2,"minecraft:grass_block":4,"minecraft:seagrass":2},"minecraft:used":{"minecraft:dirt":1,"minecraft:cobblestone":2,"minecraft:grass_block":1,"minecraft:stone":3},"minecraft:picked_up":{"minecraft:wooden_axe":1,"minecraft:tnt":1,"minecraft:oak_log":1}},"DataVersion":3465}