{"stats":{"minecraft:used":{"minecraft:dirt":1,"minecraft:grass_block":1,"minecraft:stone":3},"minecraft:picked_up":{"minecraft:oak_log":1},"minecraft:custom":{"minecraft:time_since_rest":18710,"minecraft:crouch_one_cm":10,"minecraft:sprint_one_cm":2868,"minecraft:play_time":18710,"minecraft:walk_one_cm":4314,"minecraft:sneak_time":229,"minecraft:walk_under_water_one_cm":5805,"minecraft:drop":14,"minecraft:jump":52,"minecraft:damage_dealt":35,"minecraft:leave_game":3,"minecraft:walk_on_water_one_cm":524,"minecraft:time_since_death":18710,"minecraft:total_world_time":18710,"minecraft:fly_one_cm":547506},"minecraft:dropped":{"minecraft:dirt":1,"minecraft:stone":2,"minecraft:moss_block":1,"minecraft:oak_log":2,"alexsmobs:animal_dictionary":1,"minecraft:oak_leaves":1,"minecraft:grass_block":4,"minecraft:seagrass":2}},"DataVersion":3465}