{"stats":{"minecraft:dropped":{"minecraft:grass":2,"create:railway_casing":1,"create:track":1,"alexsmobs:animal_dictionary":1,"minecraft:oak_leaves":9,"minecraft:grass_block":3},"minecraft:picked_up":{"minecraft:grass":1,"minecraft:grass_block":1},"minecraft:used":{"create:railway_casing":26,"create:track":29,"create:controls":3,"create:track_station":8,"create:wrench":9,"minecraft:grass_block":6,"minecraft:grass":1},"minecraft:custom":{"minecraft:time_since_rest":21418,"minecraft:crouch_one_cm":118,"minecraft:sprint_one_cm":2915,"minecraft:play_time":21418,"minecraft:walk_one_cm":41895,"minecraft:sneak_time":340,"minecraft:drop":17,"minecraft:jump":81,"minecraft:damage_dealt":155,"minecraft:leave_game":3,"minecraft:time_since_death":21418,"minecraft:total_world_time":21418,"minecraft:fly_one_cm":148788}},"DataVersion":3465}