{"stats":{"minecraft:used":{"create:track":23,"minecraft:grass":1,"minecraft:grass_block":6},"minecraft:dropped":{"alexsmobs:animal_dictionary":1,"minecraft:oak_leaves":8,"minecraft:grass":1},"minecraft:custom":{"minecraft:jump":15,"minecraft:time_since_rest":4151,"minecraft:sprint_one_cm":1109,"minecraft:play_time":4151,"minecraft:time_since_death":4151,"minecraft:walk_one_cm":926,"minecraft:sneak_time":57,"minecraft:total_world_time":4151,"minecraft:drop":10,"minecraft:fly_one_cm":40756}},"DataVersion":3465}