{"stats":{"minecraft:custom":{"minecraft:time_since_rest":59469,"minecraft:crouch_one_cm":1571,"minecraft:play_time":59469,"minecraft:sprint_one_cm":6912,"minecraft:damage_taken":80,"minecraft:walk_one_cm":19697,"minecraft:sneak_time":749,"minecraft:walk_under_water_one_cm":6827,"minecraft:drop":20,"minecraft:jump":354,"minecraft:damage_dealt":35,"minecraft:leave_game":7,"minecraft:time_since_death":59469,"minecraft:walk_on_water_one_cm":13502,"minecraft:total_world_time":59469,"minecraft:fall_one_cm":1543,"minecraft:fly_one_cm":1470790},"minecraft:mined":{"minecraft:tnt":3},"minecraft:dropped":{"minecraft:cobblestone":3,"minecraft:dirt":1,"minecraft:stone":2,"minecraft:moss_block":1,"minecraft:oak_log":2,"alexsmobs:animal_dictionary":1,"minecraft:tnt":1,"minecraft:oak_leaves":1,"minecraft:wooden_axe":2,"minecraft:grass_block":4,"minecraft:seagrass":2},"minecraft:used":{"minecraft:dirt":1,"minecraft:cobblestone":2,"minecraft:grass_block":1,"minecraft:stone":3,"bellsandwhistles:andesite_pilot":5},"minecraft:picked_up":{"minecraft:wooden_axe":1,"minecraft:tnt":1,"minecraft:oak_log":1}},"DataVersion":3465}