{"stats":{"minecraft:used":{"minecraft:dirt":1,"minecraft:grass_block":1,"minecraft:stone":3},"minecraft:picked_up":{"minecraft:tnt":1,"minecraft:oak_log":1},"minecraft:custom":{"minecraft:time_since_rest":32147,"minecraft:crouch_one_cm":1415,"minecraft:sprint_one_cm":3845,"minecraft:play_time":32147,"minecraft:damage_taken":80,"minecraft:walk_one_cm":4550,"minecraft:sneak_time":574,"minecraft:walk_under_water_one_cm":6679,"minecraft:drop":15,"minecraft:jump":66,"minecraft:damage_dealt":35,"minecraft:leave_game":4,"minecraft:walk_on_water_one_cm":576,"minecraft:time_since_death":32147,"minecraft:total_world_time":32147,"minecraft:fall_one_cm":1543,"minecraft:fly_one_cm":1311475},"minecraft:dropped":{"minecraft:dirt":1,"minecraft:stone":2,"minecraft:moss_block":1,"minecraft:oak_log":2,"alexsmobs:animal_dictionary":1,"minecraft:tnt":1,"minecraft:oak_leaves":1,"minecraft:grass_block":4,"minecraft:seagrass":2},"minecraft:mined":{"minecraft:tnt":3}},"DataVersion":3465}