{"stats":{"minecraft:custom":{"minecraft:time_since_rest":61391,"minecraft:crouch_one_cm":64,"minecraft:sprint_one_cm":1861,"minecraft:play_time":61391,"minecraft:damage_taken":20,"minecraft:walk_one_cm":1050,"minecraft:sneak_time":1823,"minecraft:walk_under_water_one_cm":17589,"minecraft:jump":27,"minecraft:damage_dealt":20,"minecraft:leave_game":6,"minecraft:walk_on_water_one_cm":5955,"minecraft:time_since_death":61391,"minecraft:total_world_time":61391,"minecraft:fly_one_cm":593907},"minecraft:used":{"minecraft:moss_block":115,"minecraft:oak_leaves":13,"railways:track_tieless_narrow":1,"minecraft:mossy_cobblestone":213,"minecraft:sand":15,"minecraft:cobblestone":409,"minecraft:tnt":25,"minecraft:grass_block":3,"minecraft:rooted_dirt":149,"minecraft:podzol":87,"minecraft:white_stained_glass":54,"minecraft:mycelium":45,"minecraft:coarse_dirt":214,"railways:track_tieless":17,"minecraft:gravel":207},"minecraft:picked_up":{"minecraft:tnt":2,"minecraft:oak_log":1}},"DataVersion":3465}