{"stats":{"minecraft:used":{"railways:track_tieless_narrow":1,"minecraft:oak_leaves":13,"railways:track_tieless":9,"minecraft:grass_block":1},"minecraft:picked_up":{"minecraft:oak_log":1},"minecraft:custom":{"minecraft:jump":15,"minecraft:time_since_rest":8172,"minecraft:crouch_one_cm":23,"minecraft:leave_game":2,"minecraft:play_time":8172,"minecraft:sprint_one_cm":1702,"minecraft:damage_taken":20,"minecraft:time_since_death":8172,"minecraft:walk_one_cm":881,"minecraft:sneak_time":326,"minecraft:total_world_time":8172,"minecraft:fly_one_cm":148009}},"DataVersion":3465}