{"stats":{"minecraft:used":{"minecraft:moss_block":5,"minecraft:oak_leaves":13,"railways:track_tieless_narrow":1,"minecraft:sand":9,"minecraft:cobblestone":199,"minecraft:tnt":25,"minecraft:grass_block":3,"minecraft:white_stained_glass":54,"railways:track_tieless":17},"minecraft:picked_up":{"minecraft:tnt":2,"minecraft:oak_log":1},"minecraft:custom":{"minecraft:time_since_rest":21660,"minecraft:crouch_one_cm":64,"minecraft:sprint_one_cm":1861,"minecraft:play_time":21660,"minecraft:damage_taken":20,"minecraft:walk_one_cm":1050,"minecraft:sneak_time":1465,"minecraft:walk_under_water_one_cm":1391,"minecraft:jump":27,"minecraft:damage_dealt":20,"minecraft:leave_game":3,"minecraft:time_since_death":21660,"minecraft:walk_on_water_one_cm":70,"minecraft:total_world_time":21660,"minecraft:fly_one_cm":483422}},"DataVersion":3465}