{"stats":{"minecraft:custom":{"minecraft:time_since_rest":49391,"minecraft:crouch_one_cm":64,"minecraft:sprint_one_cm":1861,"minecraft:play_time":49391,"minecraft:damage_taken":20,"minecraft:walk_one_cm":1050,"minecraft:sneak_time":1801,"minecraft:walk_under_water_one_cm":17589,"minecraft:jump":27,"minecraft:damage_dealt":20,"minecraft:leave_game":6,"minecraft:walk_on_water_one_cm":5955,"minecraft:time_since_death":49391,"minecraft:total_world_time":49391,"minecraft:fly_one_cm":578288},"minecraft:used":{"minecraft:moss_block":93,"minecraft:oak_leaves":13,"railways:track_tieless_narrow":1,"minecraft:mossy_cobblestone":136,"minecraft:sand":15,"minecraft:cobblestone":339,"minecraft:tnt":25,"minecraft:grass_block":3,"minecraft:rooted_dirt":108,"minecraft:podzol":46,"minecraft:white_stained_glass":54,"minecraft:mycelium":26,"minecraft:coarse_dirt":134,"railways:track_tieless":17,"minecraft:gravel":165},"minecraft:picked_up":{"minecraft:tnt":2,"minecraft:oak_log":1}},"DataVersion":3465}