{
  "create:root": {
    "criteria": {
      "0": "2024-09-26 16:51:03 +0000"
    },
    "done": true
  },
  "repurposed_structures:root": {
    "criteria": {
      "always": "2024-09-26 16:51:03 +0000"
    },
    "done": true
  },
  "minecraft:recipes/decorations/crafting_table": {
    "criteria": {
      "unlock_right_away": "2024-09-26 16:51:03 +0000"
    },
    "done": true
  },
  "create:super_glue": {
    "criteria": {
      "0": "2024-09-26 16:59:43 +0000"
    },
    "done": true
  },
  "create:track_0": {
    "criteria": {
      "0": "2024-09-26 16:52:23 +0000"
    },
    "done": true
  },
  "create:recipes/misc/crafting/kinetics/track_observer": {
    "criteria": {
      "has_item": "2024-09-26 16:58:14 +0000"
    },
    "done": true
  },
  "create:recipes/misc/crafting/kinetics/train_trapdoor": {
    "criteria": {
      "has_item": "2024-09-26 16:58:14 +0000"
    },
    "done": true
  },
  "create:recipes/misc/crafting/kinetics/track_station": {
    "criteria": {
      "has_item": "2024-09-26 16:58:14 +0000"
    },
    "done": true
  },
  "railways:recipes/misc/crafting/track_coupler": {
    "criteria": {
      "has_item": "2024-09-26 16:58:14 +0000"
    },
    "done": true
  },
  "create:train": {
    "criteria": {
      "0": "2024-09-26 16:59:48 +0000"
    },
    "done": true
  },
  "create:wrench_goggles": {
    "criteria": {
      "0": "2024-09-26 17:01:22 +0000"
    },
    "done": false
  },
  "create:recipes/misc/crafting/kinetics/train_door": {
    "criteria": {
      "has_item": "2024-09-26 16:58:14 +0000"
    },
    "done": true
  },
  "create:recipes/misc/crafting/kinetics/track_signal": {
    "criteria": {
      "has_item": "2024-09-26 16:58:14 +0000"
    },
    "done": true
  },
  "create:recipes/misc/crafting/kinetics/controls": {
    "criteria": {
      "has_item": "2024-09-26 16:58:14 +0000"
    },
    "done": true
  },
  "create:recipes/misc/crafting/kinetics/track_observer_from_other_plates": {
    "criteria": {
      "has_item": "2024-09-26 16:58:14 +0000"
    },
    "done": true
  },
  "farmersdelight:main/root": {
    "criteria": {
      "seeds": "2024-09-26 16:51:03 +0000"
    },
    "done": true
  },
  "minecraft:adventure/adventuring_time": {
    "criteria": {
      "minecraft:forest": "2024-09-26 16:51:04 +0000",
      "minecraft:plains": "2024-09-26 16:52:19 +0000"
    },
    "done": false
  },
  "DataVersion": 3465
}