{
  "create:root": {
    "criteria": {
      "0": "2024-09-26 17:25:09 +0000"
    },
    "done": true
  },
  "repurposed_structures:root": {
    "criteria": {
      "always": "2024-09-26 17:25:10 +0000"
    },
    "done": true
  },
  "minecraft:recipes/decorations/crafting_table": {
    "criteria": {
      "unlock_right_away": "2024-09-26 17:25:10 +0000"
    },
    "done": true
  },
  "create:track_0": {
    "criteria": {
      "0": "2024-09-26 17:26:49 +0000"
    },
    "done": true
  },
  "farmersdelight:main/root": {
    "criteria": {
      "seeds": "2024-09-26 17:25:09 +0000"
    },
    "done": true
  },
  "minecraft:adventure/adventuring_time": {
    "criteria": {
      "minecraft:forest": "2024-09-26 17:25:10 +0000",
      "minecraft:plains": "2024-09-26 17:26:03 +0000"
    },
    "done": false
  },
  "DataVersion": 3465
}